{
  "config": {
    "run_name": "exp1_1",
    "out_dir": "./results",
    "seed": 1285679852,
    "device": null,
    "bs_train": 128,
    "bs_test": 32,
    "batches": 300,
    "epochs": 100,
    "early_stopping": 3,
    "checkpoints": null,
    "lr": 0.001,
    "reg": 0.001,
    "filters_per_layer": [
      32
    ],
    "pool_every": 2,
    "hidden_dims": [
      256,
      512,
      256
    ],
    "model_type": "cnn",
    "kw": {},
    "layers_per_block": 2
  },
  "results": {
    "num_epochs": 0,
    "train_loss": [
      1.6683911085128784,
      1.2526477575302124,
      1.0691182613372803,
      0.9377142786979675,
      0.8513727784156799,
      0.7773908972740173,
      0.7090548872947693,
      0.6346028447151184,
      0.5837501287460327,
      0.5189476013183594
    ],
    "train_acc": [
      39.591145833333336,
      56.322916666666664,
      63.815104166666664,
      69.55208333333333,
      73.24479166666667,
      76.0390625,
      78.96875,
      81.8359375,
      84.2890625,
      86.38802083333333
    ],
    "test_loss": [
      1.3413467407226562,
      1.1278703212738037,
      1.0719172954559326,
      1.0038361549377441,
      0.9183717966079712,
      0.9295695424079895,
      0.8904611468315125,
      0.9397836327552795,
      0.931844174861908,
      0.9579634666442871
    ],
    "test_acc": [
      50.4375,
      58.802083333333336,
      62.010416666666664,
      65.05208333333333,
      67.89583333333333,
      67.51041666666667,
      69.0625,
      68.17708333333333,
      68.625,
      68.88541666666667
    ]
  }
}