{
  "config": {
    "run_name": "exp1_2",
    "out_dir": "./results",
    "seed": 1464743224,
    "device": null,
    "bs_train": 128,
    "bs_test": 32,
    "batches": 300,
    "epochs": 100,
    "early_stopping": 3,
    "checkpoints": null,
    "lr": 0.001,
    "reg": 0.001,
    "filters_per_layer": [
      128
    ],
    "pool_every": 2,
    "hidden_dims": [
      256,
      512,
      256
    ],
    "model_type": "cnn",
    "kw": {},
    "layers_per_block": 4
  },
  "results": {
    "num_epochs": 0,
    "train_loss": [
      1.8287479877471924,
      1.4012479782104492,
      1.1633167266845703,
      0.9948335886001587,
      0.8827866911888123,
      0.7943294644355774,
      0.7069388628005981,
      0.6334432363510132,
      0.5685659646987915,
      0.5247701406478882,
      0.4677155613899231,
      0.4197690486907959,
      0.3798504173755646,
      0.346621036529541
    ],
    "train_acc": [
      33.5546875,
      50.161458333333336,
      60.471354166666664,
      67.23958333333333,
      71.5625,
      75.21354166666667,
      78.30208333333333,
      81.49479166666667,
      84.01822916666667,
      85.77083333333333,
      87.9375,
      89.78125,
      91.32291666666667,
      92.6328125
    ],
    "test_loss": [
      1.5376615524291992,
      1.272705316543579,
      1.0613267421722412,
      0.964379072189331,
      0.901796817779541,
      0.8440753221511841,
      0.8288488984107971,
      0.7853286862373352,
      0.7657144069671631,
      0.7515901327133179,
      0.7058074474334717,
      0.7456823587417603,
      0.7444145083427429,
      0.7770564556121826
    ],
    "test_acc": [
      44.010416666666664,
      54.145833333333336,
      62.208333333333336,
      65.88541666666667,
      68.57291666666667,
      71.04166666666667,
      70.89583333333333,
      72.875,
      73.67708333333333,
      74.125,
      76.40625,
      75.32291666666667,
      76.02083333333333,
      75.6875
    ]
  }
}