{
  "config": {
    "run_name": "exp1_3",
    "out_dir": "./results",
    "seed": 1163527393,
    "device": null,
    "bs_train": 128,
    "bs_test": 32,
    "batches": 300,
    "epochs": 100,
    "early_stopping": 3,
    "checkpoints": null,
    "lr": 0.001,
    "reg": 0.001,
    "filters_per_layer": [
      64,
      128
    ],
    "pool_every": 2,
    "hidden_dims": [
      256,
      512,
      256
    ],
    "model_type": "cnn",
    "kw": {},
    "layers_per_block": 2
  },
  "results": {
    "num_epochs": 0,
    "train_loss": [
      1.8658835887908936,
      1.4273266792297363,
      1.1805675029754639,
      1.03376305103302,
      0.9160984754562378,
      0.8248335719108582,
      0.7310935854911804,
      0.6516574025154114,
      0.596383273601532,
      0.5402815341949463,
      0.49553418159484863,
      0.4478461742401123,
      0.406881719827652,
      0.3661821186542511,
      0.33301469683647156,
      0.2931700348854065,
      0.27587971091270447,
      0.260053426027298,
      0.23059311509132385,
      0.22405584156513214,
      0.20875665545463562
    ],
    "train_acc": [
      30.848958333333332,
      49.1796875,
      59.341145833333336,
      65.10416666666667,
      70.125,
      73.921875,
      77.484375,
      80.5078125,
      82.9921875,
      84.97395833333333,
      86.6171875,
      88.52083333333333,
      90.078125,
      91.72135416666667,
      93.03645833333333,
      94.37760416666667,
      94.9140625,
      95.48958333333333,
      96.46354166666667,
      96.67447916666667,
      97.28385416666667
    ],
    "test_loss": [
      1.586052417755127,
      1.253787875175476,
      1.270300269126892,
      0.9666334390640259,
      0.9492826461791992,
      0.8520414233207703,
      0.7915613055229187,
      0.7727655172348022,
      0.7437529563903809,
      0.7245861887931824,
      0.7638955116271973,
      0.8101476430892944,
      0.7546315789222717,
      0.7419884204864502,
      0.7801969051361084,
      0.7871705293655396,
      0.8313396573066711,
      0.8002251386642456,
      0.8652272820472717,
      0.8534129858016968,
      0.8865900039672852
    ],
    "test_acc": [
      40.75,
      53.395833333333336,
      55.28125,
      65.90625,
      66.5,
      70.86458333333333,
      72.8125,
      73.38541666666667,
      74.32291666666667,
      75.17708333333333,
      75.03125,
      73.91666666666667,
      75.65625,
      75.66666666666667,
      75.15625,
      75.91666666666667,
      75.16666666666667,
      76.29166666666667,
      75.10416666666667,
      76.0625,
      75.02083333333333
    ]
  }
}