{
  "config": {
    "run_name": "exp1_3",
    "out_dir": "./results",
    "seed": 141561898,
    "device": null,
    "bs_train": 128,
    "bs_test": 32,
    "batches": 300,
    "epochs": 100,
    "early_stopping": 3,
    "checkpoints": null,
    "lr": 0.001,
    "reg": 0.001,
    "filters_per_layer": [
      64,
      128
    ],
    "pool_every": 2,
    "hidden_dims": [
      256,
      512,
      256
    ],
    "model_type": "cnn",
    "kw": {},
    "layers_per_block": 3
  },
  "results": {
    "num_epochs": 0,
    "train_loss": [
      2.303058385848999,
      2.3027377128601074,
      2.3027656078338623,
      2.3027501106262207,
      2.3027262687683105
    ],
    "train_acc": [
      10.182291666666666,
      10.130208333333334,
      9.9296875,
      9.979166666666666,
      9.895833333333334
    ],
    "test_loss": [
      2.3026177883148193,
      2.302687406539917,
      2.3026435375213623,
      2.3026392459869385,
      2.302609443664551
    ],
    "test_acc": [
      10.052083333333334,
      10.09375,
      9.989583333333334,
      9.989583333333334,
      10.09375
    ]
  }
}