{
  "config": {
    "run_name": "exp1_2",
    "out_dir": "./results",
    "seed": 1195875985,
    "device": null,
    "bs_train": 128,
    "bs_test": 32,
    "batches": 300,
    "epochs": 100,
    "early_stopping": 3,
    "checkpoints": null,
    "lr": 0.001,
    "reg": 0.001,
    "filters_per_layer": [
      128
    ],
    "pool_every": 2,
    "hidden_dims": [
      256,
      512,
      256
    ],
    "model_type": "cnn",
    "kw": {},
    "layers_per_block": 8
  },
  "results": {
    "num_epochs": 0,
    "train_loss": [
      2.302898406982422,
      2.3028061389923096,
      2.302734375,
      2.302722215652466,
      2.302689790725708,
      2.302663803100586
    ],
    "train_acc": [
      10.083333333333334,
      9.736979166666666,
      10.036458333333334,
      9.9453125,
      9.947916666666666,
      10.057291666666666
    ],
    "test_loss": [
      2.3027379512786865,
      2.3026633262634277,
      2.3026039600372314,
      2.302609920501709,
      2.302597999572754,
      2.302605152130127
    ],
    "test_acc": [
      9.979166666666666,
      10.0,
      10.09375,
      10.09375,
      9.96875,
      10.020833333333334
    ]
  }
}