{
  "config": {
    "run_name": "exp1_1",
    "out_dir": "./results",
    "seed": 1411155233,
    "device": null,
    "bs_train": 128,
    "bs_test": 32,
    "batches": 300,
    "epochs": 100,
    "early_stopping": 3,
    "checkpoints": null,
    "lr": 0.001,
    "reg": 0.001,
    "filters_per_layer": [
      32
    ],
    "pool_every": 2,
    "hidden_dims": [
      256,
      512,
      256
    ],
    "model_type": "cnn",
    "kw": {},
    "layers_per_block": 8
  },
  "results": {
    "num_epochs": 0,
    "train_loss": [
      2.3029680252075195,
      2.30275821685791,
      2.3027002811431885,
      2.3027451038360596
    ],
    "train_acc": [
      10.03125,
      9.973958333333334,
      10.096354166666666,
      9.963541666666666
    ],
    "test_loss": [
      2.302683115005493,
      2.302642345428467,
      2.3026702404022217,
      2.3026134967803955
    ],
    "test_acc": [
      10.09375,
      10.052083333333334,
      9.958333333333334,
      10.052083333333334
    ]
  }
}