{
  "config": {
    "run_name": "exp1_4",
    "out_dir": "./results",
    "seed": 1081411308,
    "device": null,
    "bs_train": 128,
    "bs_test": 32,
    "batches": 300,
    "epochs": 100,
    "early_stopping": 3,
    "checkpoints": null,
    "lr": 0.001,
    "reg": 0.001,
    "filters_per_layer": [
      32
    ],
    "pool_every": 4,
    "hidden_dims": [
      256,
      512,
      256
    ],
    "model_type": "resnet",
    "kw": {},
    "layers_per_block": 16
  },
  "results": {
    "num_epochs": 0,
    "train_loss": [
      1.9411003589630127,
      1.6159417629241943,
      1.4614067077636719,
      1.3386727571487427,
      1.216130256652832,
      1.127013921737671,
      1.0566387176513672,
      0.9976418018341064,
      0.9477197527885437,
      0.899584174156189,
      0.8421924114227295,
      0.8261009454727173,
      0.7807572484016418,
      0.7528135776519775,
      0.7313569188117981,
      0.7082691192626953,
      0.670314371585846,
      0.652914822101593,
      0.6425328850746155,
      0.6290680170059204,
      0.6034969091415405,
      0.5941680073738098,
      0.5735992193222046,
      0.562252402305603
    ],
    "train_acc": [
      26.604166666666668,
      38.661458333333336,
      45.682291666666664,
      51.6640625,
      56.549479166666664,
      60.3828125,
      62.666666666666664,
      65.45052083333333,
      67.35416666666667,
      69.27864583333333,
      71.48697916666667,
      72.3671875,
      74.02864583333333,
      75.37239583333333,
      76.21354166666667,
      76.953125,
      78.2109375,
      79.03125,
      79.43229166666667,
      79.82552083333333,
      80.71614583333333,
      81.1328125,
      82.12760416666667,
      82.390625
    ],
    "test_loss": [
      1.7294360399246216,
      1.5218803882598877,
      1.3671225309371948,
      1.2541265487670898,
      1.203836441040039,
      1.1017950773239136,
      1.0574064254760742,
      1.0192739963531494,
      0.9786761999130249,
      0.9436113834381104,
      0.8929738402366638,
      0.886247992515564,
      0.8370007276535034,
      0.8337730169296265,
      0.8236846327781677,
      0.7777976393699646,
      0.7784819006919861,
      0.7709184288978577,
      0.8513249158859253,
      0.7711986303329468,
      0.7317271828651428,
      0.7823204398155212,
      0.7345045208930969,
      0.7212000489234924
    ],
    "test_acc": [
      33.260416666666664,
      42.458333333333336,
      48.4375,
      53.364583333333336,
      55.395833333333336,
      59.34375,
      61.28125,
      63.114583333333336,
      64.35416666666667,
      66.05208333333333,
      68.67708333333333,
      68.64583333333333,
      70.875,
      70.90625,
      71.39583333333333,
      73.0,
      73.11458333333333,
      73.3125,
      71.125,
      73.36458333333333,
      75.41666666666667,
      74.17708333333333,
      74.59375,
      75.02083333333333
    ]
  }
}