{
  "config": {
    "run_name": "exp1_2",
    "out_dir": "./results",
    "seed": 695465488,
    "device": null,
    "bs_train": 128,
    "bs_test": 32,
    "batches": 300,
    "epochs": 100,
    "early_stopping": 3,
    "checkpoints": null,
    "lr": 0.001,
    "reg": 0.001,
    "filters_per_layer": [
      128
    ],
    "pool_every": 2,
    "hidden_dims": [
      256,
      512,
      256
    ],
    "model_type": "cnn",
    "kw": {},
    "layers_per_block": 2
  },
  "results": {
    "num_epochs": 0,
    "train_loss": [
      1.7417501211166382,
      1.3055287599563599,
      1.1638351678848267,
      1.047818899154663,
      0.9492989182472229,
      0.8649082779884338,
      0.7871614694595337,
      0.7199452519416809,
      0.6531614065170288,
      0.5922535061836243,
      0.5348907113075256,
      0.48640966415405273
    ],
    "train_acc": [
      36.6953125,
      54.260416666666664,
      60.221354166666664,
      65.51041666666667,
      69.00520833333333,
      72.31770833333333,
      75.6015625,
      78.42447916666667,
      81.08854166666667,
      83.03645833333333,
      85.421875,
      87.46354166666667
    ],
    "test_loss": [
      1.3888739347457886,
      1.2208482027053833,
      1.1393365859985352,
      1.0784611701965332,
      1.0110127925872803,
      1.0069987773895264,
      0.9840809106826782,
      0.9793233275413513,
      0.9373155832290649,
      1.0657057762145996,
      0.9705374240875244,
      1.0249487161636353
    ],
    "test_acc": [
      49.375,
      56.135416666666664,
      59.083333333333336,
      61.21875,
      64.63541666666667,
      64.94791666666667,
      65.6875,
      66.13541666666667,
      67.97916666666667,
      65.33333333333333,
      67.66666666666667,
      67.42708333333333
    ]
  }
}