{
  "config": {
    "run_name": "exp1_2",
    "out_dir": "./results",
    "seed": 995514540,
    "device": null,
    "bs_train": 128,
    "bs_test": 32,
    "batches": 300,
    "epochs": 100,
    "early_stopping": 3,
    "checkpoints": null,
    "lr": 0.001,
    "reg": 0.001,
    "filters_per_layer": [
      64
    ],
    "pool_every": 2,
    "hidden_dims": [
      256,
      512,
      256
    ],
    "model_type": "cnn",
    "kw": {},
    "layers_per_block": 2
  },
  "results": {
    "num_epochs": 0,
    "train_loss": [
      1.5980451107025146,
      1.1827577352523804,
      1.0023669004440308,
      0.8722562789916992,
      0.7964896559715271,
      0.7119174599647522,
      0.6464561223983765,
      0.5814566016197205,
      0.501919686794281,
      0.4412845969200134,
      0.40246033668518066,
      0.3613497316837311,
      0.3253158628940582
    ],
    "train_acc": [
      42.466145833333336,
      59.981770833333336,
      67.6796875,
      72.5625,
      75.75260416666667,
      79.37760416666667,
      82.03125,
      84.82291666666667,
      87.7578125,
      90.296875,
      91.70572916666667,
      93.10677083333333,
      94.46614583333333
    ],
    "test_loss": [
      1.2932370901107788,
      1.0887717008590698,
      0.9826236963272095,
      0.9217393398284912,
      0.9076624512672424,
      0.8909058570861816,
      0.9293147921562195,
      0.8927132487297058,
      0.8997127413749695,
      0.9240647554397583,
      0.9947760105133057,
      0.9790513515472412,
      0.9418206214904785
    ],
    "test_acc": [
      52.0,
      61.072916666666664,
      65.46875,
      67.25,
      68.51041666666667,
      69.39583333333333,
      67.86458333333333,
      68.78125,
      69.95833333333333,
      70.60416666666667,
      69.35416666666667,
      70.16666666666667,
      70.375
    ]
  }
}