{
  "config": {
    "run_name": "exp1_2",
    "out_dir": "./results",
    "seed": 1832074509,
    "device": null,
    "bs_train": 128,
    "bs_test": 32,
    "batches": 300,
    "epochs": 100,
    "early_stopping": 3,
    "checkpoints": null,
    "lr": 0.001,
    "reg": 0.001,
    "filters_per_layer": [
      32
    ],
    "pool_every": 2,
    "hidden_dims": [
      256,
      512,
      256
    ],
    "model_type": "cnn",
    "kw": {},
    "layers_per_block": 8
  },
  "results": {
    "num_epochs": 0,
    "train_loss": [
      2.3029816150665283,
      2.3027799129486084,
      2.302795171737671,
      2.3027236461639404,
      2.3026938438415527,
      2.302704095840454
    ],
    "train_acc": [
      9.802083333333334,
      9.940104166666666,
      9.765625,
      10.036458333333334,
      9.921875,
      10.0390625
    ],
    "test_loss": [
      2.302645206451416,
      2.3026058673858643,
      2.302586793899536,
      2.302605152130127,
      2.302595376968384,
      2.30259370803833
    ],
    "test_acc": [
      10.010416666666666,
      10.052083333333334,
      10.09375,
      10.010416666666666,
      10.020833333333334,
      10.010416666666666
    ]
  }
}