{
  "config": {
    "run_name": "exp1_4",
    "out_dir": "./results",
    "seed": 136019709,
    "device": null,
    "bs_train": 128,
    "bs_test": 32,
    "batches": 300,
    "epochs": 100,
    "early_stopping": 3,
    "checkpoints": null,
    "lr": 0.001,
    "reg": 0.001,
    "filters_per_layer": [
      32
    ],
    "pool_every": 8,
    "hidden_dims": [
      256,
      512,
      256
    ],
    "model_type": "resnet",
    "kw": {},
    "layers_per_block": 32
  },
  "results": {
    "num_epochs": 0,
    "train_loss": [
      2.0629353523254395,
      1.80511474609375,
      1.7332658767700195,
      1.6692181825637817,
      1.6167713403701782,
      1.5841968059539795,
      1.5509450435638428,
      1.527799367904663,
      1.510606050491333,
      1.4774330854415894,
      1.4656440019607544,
      1.4484237432479858,
      1.4219130277633667,
      1.4142789840698242,
      1.3987938165664673,
      1.389665126800537,
      1.3747313022613525,
      1.3665422201156616,
      1.3574528694152832,
      1.343916416168213,
      1.3381203413009644,
      1.3276525735855103,
      1.3177427053451538
    ],
    "train_acc": [
      20.776041666666668,
      29.973958333333332,
      33.270833333333336,
      36.807291666666664,
      39.502604166666664,
      40.729166666666664,
      42.442708333333336,
      42.979166666666664,
      43.770833333333336,
      45.927083333333336,
      45.9921875,
      46.947916666666664,
      48.346354166666664,
      49.049479166666664,
      49.34375,
      49.682291666666664,
      50.661458333333336,
      50.864583333333336,
      51.1953125,
      52.010416666666664,
      52.125,
      52.442708333333336,
      52.8828125
    ],
    "test_loss": [
      1.843821406364441,
      1.7395378351211548,
      1.672534465789795,
      1.655385971069336,
      1.6185280084609985,
      1.5540443658828735,
      1.5308115482330322,
      1.5191330909729004,
      1.477163314819336,
      1.482894778251648,
      1.4464223384857178,
      1.4579154253005981,
      1.4200628995895386,
      1.4026694297790527,
      1.396877646446228,
      1.4429926872253418,
      1.3710612058639526,
      1.3915108442306519,
      1.368180751800537,
      1.3511101007461548,
      1.3559173345565796,
      1.3638298511505127,
      1.3418666124343872
    ],
    "test_acc": [
      28.270833333333332,
      32.552083333333336,
      34.625,
      36.614583333333336,
      38.5625,
      40.53125,
      43.15625,
      43.145833333333336,
      44.645833333333336,
      44.78125,
      46.34375,
      45.958333333333336,
      47.427083333333336,
      47.65625,
      49.041666666666664,
      46.729166666666664,
      49.208333333333336,
      48.885416666666664,
      50.0625,
      50.947916666666664,
      50.3125,
      50.083333333333336,
      50.041666666666664
    ]
  }
}