{
  "config": {
    "run_name": "exp1_1",
    "out_dir": "./results",
    "seed": 80563015,
    "device": null,
    "bs_train": 128,
    "bs_test": 32,
    "batches": 300,
    "epochs": 100,
    "early_stopping": 3,
    "checkpoints": null,
    "lr": 0.001,
    "reg": 0.001,
    "filters_per_layer": [
      64
    ],
    "pool_every": 2,
    "hidden_dims": [
      256,
      512,
      256
    ],
    "model_type": "cnn",
    "kw": {},
    "layers_per_block": 8
  },
  "results": {
    "num_epochs": 0,
    "train_loss": [
      2.3030812740325928,
      2.3027429580688477,
      2.302838087081909,
      2.3027665615081787
    ],
    "train_acc": [
      9.815104166666666,
      9.955729166666666,
      9.901041666666666,
      9.833333333333334
    ],
    "test_loss": [
      2.3026249408721924,
      2.302663803100586,
      2.3026750087738037,
      2.3026087284088135
    ],
    "test_acc": [
      9.979166666666666,
      9.958333333333334,
      9.979166666666666,
      9.958333333333334
    ]
  }
}