{
  "config": {
    "run_name": "exp1_2",
    "out_dir": "./results",
    "seed": 918631093,
    "device": null,
    "bs_train": 128,
    "bs_test": 32,
    "batches": 300,
    "epochs": 100,
    "early_stopping": 3,
    "checkpoints": null,
    "lr": 0.001,
    "reg": 0.001,
    "filters_per_layer": [
      64
    ],
    "pool_every": 2,
    "hidden_dims": [
      256,
      512,
      256
    ],
    "model_type": "cnn",
    "kw": {},
    "layers_per_block": 8
  },
  "results": {
    "num_epochs": 0,
    "train_loss": [
      2.303098440170288,
      2.3028547763824463,
      2.302785873413086,
      2.3027608394622803,
      2.3027141094207764
    ],
    "train_acc": [
      10.0078125,
      9.934895833333334,
      9.955729166666666,
      9.838541666666666,
      9.942708333333334
    ],
    "test_loss": [
      2.3027825355529785,
      2.302659034729004,
      2.302642583847046,
      2.302602767944336,
      2.30263352394104
    ],
    "test_acc": [
      9.927083333333334,
      10.020833333333334,
      10.010416666666666,
      9.979166666666666,
      10.0
    ]
  }
}