{
  "config": {
    "run_name": "exp1_4",
    "out_dir": "./results",
    "seed": 1307293980,
    "device": null,
    "bs_train": 128,
    "bs_test": 32,
    "batches": 300,
    "epochs": 100,
    "early_stopping": 3,
    "checkpoints": null,
    "lr": 0.001,
    "reg": 0.001,
    "filters_per_layer": [
      64,
      128,
      256
    ],
    "pool_every": 3,
    "hidden_dims": [
      256,
      512,
      256
    ],
    "model_type": "resnet",
    "kw": {},
    "layers_per_block": 2
  },
  "results": {
    "num_epochs": 0,
    "train_loss": [
      1.758019208908081,
      1.2841129302978516,
      1.0541822910308838,
      0.8856551051139832,
      0.7643072009086609,
      0.6670274138450623,
      0.5971925854682922,
      0.514147162437439,
      0.46753382682800293,
      0.41357332468032837,
      0.36891642212867737,
      0.3239249289035797,
      0.2896861732006073,
      0.26180726289749146,
      0.24092882871627808,
      0.2303301841020584
    ],
    "train_acc": [
      36.104166666666664,
      55.338541666666664,
      64.96875,
      71.84375,
      76.56510416666667,
      80.125,
      83.20572916666667,
      86.54947916666667,
      88.06510416666667,
      90.375,
      92.01822916666667,
      93.83072916666667,
      95.0,
      96.01041666666667,
      96.484375,
      97.0546875
    ],
    "test_loss": [
      1.4560697078704834,
      1.157209873199463,
      0.9834417700767517,
      0.872568666934967,
      0.8018470406532288,
      0.7332789897918701,
      0.720732569694519,
      0.7042610049247742,
      0.7234668731689453,
      0.6888850927352905,
      0.7170543670654297,
      0.7195146083831787,
      0.7401442527770996,
      0.766719400882721,
      0.7491486072540283,
      0.7628321647644043
    ],
    "test_acc": [
      45.125,
      58.322916666666664,
      64.72916666666667,
      69.41666666666667,
      72.48958333333333,
      74.70833333333333,
      75.04166666666667,
      75.875,
      75.48958333333333,
      77.21875,
      76.84375,
      76.72916666666667,
      77.57291666666667,
      76.70833333333333,
      77.5,
      77.26041666666667
    ]
  }
}