{
  "config": {
    "run_name": "exp1_2",
    "out_dir": "./results",
    "seed": 1356416744,
    "device": null,
    "bs_train": 128,
    "bs_test": 32,
    "batches": 300,
    "epochs": 100,
    "early_stopping": 3,
    "checkpoints": null,
    "lr": 0.001,
    "reg": 0.001,
    "filters_per_layer": [
      64
    ],
    "pool_every": 2,
    "hidden_dims": [
      256,
      512,
      256
    ],
    "model_type": "cnn",
    "kw": {},
    "layers_per_block": 4
  },
  "results": {
    "num_epochs": 0,
    "train_loss": [
      1.8859385251998901,
      1.468462347984314,
      1.2344636917114258,
      1.068610668182373,
      0.9465822577476501,
      0.8519294261932373,
      0.7559297680854797,
      0.6885673403739929,
      0.6242089867591858,
      0.5641610622406006,
      0.5170997381210327,
      0.4749795198440552,
      0.42978888750076294,
      0.39726758003234863,
      0.3558287024497986,
      0.3262840211391449,
      0.3092460632324219,
      0.2750690281391144
    ],
    "train_acc": [
      30.234375,
      47.518229166666664,
      57.247395833333336,
      63.661458333333336,
      68.79947916666667,
      72.66145833333333,
      76.30729166666667,
      78.82552083333333,
      81.234375,
      83.82291666666667,
      85.53125,
      87.13802083333333,
      89.02604166666667,
      90.22395833333333,
      91.73177083333333,
      92.71354166666667,
      93.578125,
      94.79427083333333
    ],
    "test_loss": [
      1.5946818590164185,
      1.3223739862442017,
      1.191804051399231,
      1.054298996925354,
      0.9318462610244751,
      0.8816601634025574,
      0.8384101986885071,
      0.782145082950592,
      0.8287169337272644,
      0.7624680995941162,
      0.8231009244918823,
      0.8064574599266052,
      0.852063000202179,
      0.7789057493209839,
      0.7885111570358276,
      0.8536505103111267,
      0.8612917065620422,
      0.8808820843696594
    ],
    "test_acc": [
      41.572916666666664,
      52.125,
      56.90625,
      62.760416666666664,
      67.13541666666667,
      69.1875,
      70.72916666666667,
      72.88541666666667,
      71.65625,
      74.04166666666667,
      72.78125,
      74.07291666666667,
      72.83333333333333,
      74.9375,
      75.16666666666667,
      74.375,
      73.16666666666667,
      73.70833333333333
    ]
  }
}