{
  "config": {
    "run_name": "exp1_1",
    "out_dir": "./results",
    "seed": 622360633,
    "device": null,
    "bs_train": 128,
    "bs_test": 32,
    "batches": 300,
    "epochs": 100,
    "early_stopping": 3,
    "checkpoints": null,
    "lr": 0.001,
    "reg": 0.001,
    "filters_per_layer": [
      64
    ],
    "pool_every": 2,
    "hidden_dims": [
      256,
      512,
      256
    ],
    "model_type": "cnn",
    "kw": {},
    "layers_per_block": 2
  },
  "results": {
    "num_epochs": 0,
    "train_loss": [
      1.6196162700653076,
      1.2303194999694824,
      1.0470727682113647,
      0.9098505973815918,
      0.8241258859634399,
      0.7359820008277893,
      0.6605473160743713,
      0.5971857905387878,
      0.5273658633232117,
      0.4758208394050598
    ],
    "train_acc": [
      40.932291666666664,
      57.669270833333336,
      65.42447916666667,
      70.9765625,
      74.36458333333333,
      77.921875,
      81.22395833333333,
      83.64583333333333,
      86.64583333333333,
      88.328125
    ],
    "test_loss": [
      1.3143585920333862,
      1.1105877161026,
      1.0567911863327026,
      0.953633725643158,
      0.9030579924583435,
      0.903832733631134,
      0.8649091720581055,
      0.8843309879302979,
      0.9040809273719788,
      0.9392223358154297
    ],
    "test_acc": [
      51.59375,
      60.09375,
      63.020833333333336,
      66.28125,
      69.32291666666667,
      68.76041666666667,
      70.03125,
      69.90625,
      69.91666666666667,
      69.28125
    ]
  }
}