{
  "config": {
    "run_name": "exp1_1",
    "out_dir": "./results",
    "seed": 1399552392,
    "device": null,
    "bs_train": 128,
    "bs_test": 32,
    "batches": 300,
    "epochs": 100,
    "early_stopping": 3,
    "checkpoints": null,
    "lr": 0.001,
    "reg": 0.001,
    "filters_per_layer": [
      64
    ],
    "pool_every": 4,
    "hidden_dims": [
      256,
      512,
      256
    ],
    "model_type": "cnn",
    "kw": {},
    "layers_per_block": 16
  },
  "results": {
    "num_epochs": 0,
    "train_loss": [
      2.303013563156128,
      2.302732467651367,
      2.302738904953003,
      2.3026883602142334
    ],
    "train_acc": [
      9.90625,
      9.846354166666666,
      9.950520833333334,
      9.9609375
    ],
    "test_loss": [
      2.302600860595703,
      2.3026466369628906,
      2.302618980407715,
      2.3026251792907715
    ],
    "test_acc": [
      9.96875,
      9.96875,
      9.958333333333334,
      9.958333333333334
    ]
  }
}