{
  "config": {
    "run_name": "exp1_4",
    "out_dir": "./results",
    "seed": 2132882270,
    "device": null,
    "bs_train": 128,
    "bs_test": 32,
    "batches": 300,
    "epochs": 100,
    "early_stopping": 3,
    "checkpoints": null,
    "lr": 0.001,
    "reg": 0.001,
    "filters_per_layer": [
      32
    ],
    "pool_every": 2,
    "hidden_dims": [
      256,
      512,
      256
    ],
    "model_type": "resnet",
    "kw": {},
    "layers_per_block": 8
  },
  "results": {
    "num_epochs": 0,
    "train_loss": [
      1.8571617603302002,
      1.4628393650054932,
      1.268196702003479,
      1.1444991827011108,
      1.0430821180343628,
      0.9712443351745605,
      0.9154760241508484,
      0.8419591784477234,
      0.7914276719093323,
      0.7406647205352783,
      0.7130618691444397,
      0.6732340455055237,
      0.650351345539093,
      0.623943567276001,
      0.5988029837608337,
      0.5793265104293823,
      0.5539781451225281,
      0.5277838110923767
    ],
    "train_acc": [
      30.283854166666668,
      45.822916666666664,
      54.375,
      59.580729166666664,
      63.440104166666664,
      66.3203125,
      68.71614583333333,
      71.6484375,
      73.72135416666667,
      75.41927083333333,
      76.71614583333333,
      78.30208333333333,
      79.23177083333333,
      80.47395833333333,
      81.22135416666667,
      82.046875,
      82.921875,
      83.74479166666667
    ],
    "test_loss": [
      1.5760934352874756,
      1.4267104864120483,
      1.2058513164520264,
      1.1369744539260864,
      1.0486711263656616,
      1.0482540130615234,
      0.9634250998497009,
      0.8894230127334595,
      0.8370316028594971,
      0.8195620179176331,
      0.7967478632926941,
      0.8127838373184204,
      0.772312343120575,
      0.7804563045501709,
      0.7399166822433472,
      0.7481863498687744,
      0.7570701241493225,
      0.7828081846237183
    ],
    "test_acc": [
      39.708333333333336,
      47.010416666666664,
      56.197916666666664,
      58.53125,
      62.239583333333336,
      63.1875,
      66.01041666666667,
      68.09375,
      70.51041666666667,
      71.4375,
      72.11458333333333,
      71.94791666666667,
      73.63541666666667,
      73.3125,
      75.01041666666667,
      73.9375,
      74.32291666666667,
      73.69791666666667
    ]
  }
}