{
  "config": {
    "run_name": "exp1_2",
    "out_dir": "./results",
    "seed": 1284096188,
    "device": null,
    "bs_train": 128,
    "bs_test": 32,
    "batches": 300,
    "epochs": 100,
    "early_stopping": 3,
    "checkpoints": null,
    "lr": 0.001,
    "reg": 0.001,
    "filters_per_layer": [
      32
    ],
    "pool_every": 2,
    "hidden_dims": [
      256,
      512,
      256
    ],
    "model_type": "cnn",
    "kw": {},
    "layers_per_block": 2
  },
  "results": {
    "num_epochs": 0,
    "train_loss": [
      1.7035491466522217,
      1.2955951690673828,
      1.135467290878296,
      1.0162675380706787,
      0.9068911671638489,
      0.8181742429733276,
      0.7460846900939941,
      0.6780046224594116,
      0.6106053590774536,
      0.5541894435882568,
      0.49943655729293823,
      0.4512987434864044,
      0.4093863070011139,
      0.37070852518081665
    ],
    "train_acc": [
      37.291666666666664,
      54.640625,
      61.234375,
      66.2421875,
      70.70572916666667,
      74.34375,
      77.11197916666667,
      80.078125,
      82.85416666666667,
      84.73958333333333,
      86.9453125,
      88.94791666666667,
      90.5078125,
      92.00520833333333
    ],
    "test_loss": [
      1.3911631107330322,
      1.2243226766586304,
      1.1192841529846191,
      1.0256946086883545,
      0.9716207385063171,
      0.9967297315597534,
      1.01443612575531,
      0.9388054609298706,
      0.9503850340843201,
      0.9437524676322937,
      0.9856038689613342,
      1.016054391860962,
      1.0114009380340576,
      1.0536789894104004
    ],
    "test_acc": [
      48.052083333333336,
      55.229166666666664,
      59.125,
      63.260416666666664,
      65.91666666666667,
      65.02083333333333,
      65.28125,
      67.86458333333333,
      67.97916666666667,
      68.32291666666667,
      68.33333333333333,
      67.60416666666667,
      68.32291666666667,
      68.28125
    ]
  }
}