{
  "config": {
    "run_name": "exp1_1",
    "out_dir": "./results",
    "seed": 1229464285,
    "device": null,
    "bs_train": 128,
    "bs_test": 32,
    "batches": 300,
    "epochs": 100,
    "early_stopping": 3,
    "checkpoints": null,
    "lr": 0.001,
    "reg": 0.001,
    "filters_per_layer": [
      64
    ],
    "pool_every": 2,
    "hidden_dims": [
      256,
      512,
      256
    ],
    "model_type": "cnn",
    "kw": {},
    "layers_per_block": 4
  },
  "results": {
    "num_epochs": 0,
    "train_loss": [
      1.8938525915145874,
      1.480391502380371,
      1.2222955226898193,
      1.0539579391479492,
      0.9429870843887329,
      0.8449305295944214,
      0.757736325263977,
      0.7001346349716187,
      0.6309266090393066,
      0.577934205532074,
      0.5264707803726196,
      0.4884084165096283,
      0.44272395968437195,
      0.4099006652832031
    ],
    "train_acc": [
      30.541666666666668,
      46.989583333333336,
      57.473958333333336,
      64.53385416666667,
      68.79427083333333,
      72.76302083333333,
      76.15104166666667,
      78.41927083333333,
      81.13020833333333,
      83.26822916666667,
      85.05208333333333,
      86.76302083333333,
      88.27083333333333,
      89.62760416666667
    ],
    "test_loss": [
      1.6652328968048096,
      1.3261245489120483,
      1.1228916645050049,
      1.0611774921417236,
      0.9704506397247314,
      0.8550363183021545,
      0.8361427187919617,
      0.798152506351471,
      0.7836876511573792,
      0.8156685829162598,
      0.7593438029289246,
      0.7717236280441284,
      0.8323704600334167,
      0.8189374804496765
    ],
    "test_acc": [
      38.770833333333336,
      51.208333333333336,
      59.729166666666664,
      62.6875,
      65.26041666666667,
      70.1875,
      70.78125,
      72.66666666666667,
      73.05208333333333,
      72.67708333333333,
      74.64583333333333,
      74.61458333333333,
      73.02083333333333,
      74.1875
    ]
  }
}