{
  "config": {
    "run_name": "exp1_3",
    "out_dir": "./results",
    "seed": 156005357,
    "device": null,
    "bs_train": 128,
    "bs_test": 32,
    "batches": 300,
    "epochs": 100,
    "early_stopping": 3,
    "checkpoints": null,
    "lr": 0.001,
    "reg": 0.001,
    "filters_per_layer": [
      64,
      128
    ],
    "pool_every": 2,
    "hidden_dims": [
      256,
      512,
      256
    ],
    "model_type": "cnn",
    "kw": {},
    "layers_per_block": 3
  },
  "results": {
    "num_epochs": 0,
    "train_loss": [
      2.30302357673645,
      2.302794933319092,
      2.3027682304382324,
      2.3027193546295166,
      2.30271315574646,
      2.3026978969573975,
      2.3027002811431885
    ],
    "train_acc": [
      10.151041666666666,
      10.075520833333334,
      9.8203125,
      9.8671875,
      10.0,
      10.111979166666666,
      9.8984375
    ],
    "test_loss": [
      2.3027327060699463,
      2.3026905059814453,
      2.302654981613159,
      2.3026769161224365,
      2.3026392459869385,
      2.302628755569458,
      2.3026123046875
    ],
    "test_acc": [
      9.989583333333334,
      9.989583333333334,
      9.989583333333334,
      10.052083333333334,
      9.989583333333334,
      9.989583333333334,
      9.989583333333334
    ]
  }
}