{
  "config": {
    "run_name": "exp1_1",
    "out_dir": "./results",
    "seed": 1287703994,
    "device": null,
    "bs_train": 128,
    "bs_test": 32,
    "batches": 300,
    "epochs": 100,
    "early_stopping": 3,
    "checkpoints": null,
    "lr": 0.001,
    "reg": 0.001,
    "filters_per_layer": [
      32
    ],
    "pool_every": 2,
    "hidden_dims": [
      256,
      512,
      256
    ],
    "model_type": "cnn",
    "kw": {},
    "layers_per_block": 4
  },
  "results": {
    "num_epochs": 0,
    "train_loss": [
      2.0589563846588135,
      1.6723812818527222,
      1.469864845275879,
      1.3262276649475098,
      1.2010234594345093,
      1.098821759223938,
      1.0159885883331299,
      0.9482623338699341,
      0.8859285712242126,
      0.8336579203605652,
      0.7863948345184326,
      0.7472260594367981,
      0.6950967907905579,
      0.6618369817733765,
      0.6246746182441711,
      0.5919511914253235
    ],
    "train_acc": [
      22.1796875,
      38.611979166666664,
      47.153645833333336,
      52.979166666666664,
      58.1328125,
      62.15625,
      65.38541666666667,
      68.10416666666667,
      70.421875,
      72.61458333333333,
      74.48177083333333,
      76.21354166666667,
      78.20833333333333,
      79.25260416666667,
      80.73177083333333,
      82.06510416666667
    ],
    "test_loss": [
      1.8585799932479858,
      1.5844725370407104,
      1.394540786743164,
      1.2749029397964478,
      1.1690086126327515,
      1.1031848192214966,
      1.028684139251709,
      0.9781948924064636,
      0.946046769618988,
      0.9347642064094543,
      0.9133140444755554,
      0.8800509572029114,
      0.8561636805534363,
      0.8593290448188782,
      0.8809471726417542,
      0.9296363592147827
    ],
    "test_acc": [
      32.354166666666664,
      42.28125,
      48.822916666666664,
      54.3125,
      58.458333333333336,
      61.114583333333336,
      63.229166666666664,
      65.46875,
      66.78125,
      67.09375,
      68.07291666666667,
      69.48958333333333,
      70.33333333333333,
      69.90625,
      69.79166666666667,
      69.26041666666667
    ]
  }
}