{
  "config": {
    "run_name": "exp1_1",
    "out_dir": "./results",
    "seed": 1228552209,
    "device": null,
    "bs_train": 128,
    "bs_test": 32,
    "batches": 300,
    "epochs": 100,
    "early_stopping": 3,
    "checkpoints": null,
    "lr": 0.001,
    "reg": 0.001,
    "filters_per_layer": [
      32
    ],
    "pool_every": 4,
    "hidden_dims": [
      256,
      512,
      256
    ],
    "model_type": "cnn",
    "kw": {},
    "layers_per_block": 16
  },
  "results": {
    "num_epochs": 0,
    "train_loss": [
      2.3029630184173584,
      2.3027331829071045,
      2.3027238845825195,
      2.3026952743530273,
      2.3026790618896484,
      2.3026962280273438,
      2.3026766777038574,
      2.3026883602142334
    ],
    "train_acc": [
      10.080729166666666,
      9.955729166666666,
      10.052083333333334,
      9.861979166666666,
      9.921875,
      10.0078125,
      9.924479166666666,
      9.739583333333334
    ],
    "test_loss": [
      2.3026177883148193,
      2.3026206493377686,
      2.3026411533355713,
      2.302617073059082,
      2.3025894165039062,
      2.302605152130127,
      2.3026070594787598,
      2.302602529525757
    ],
    "test_acc": [
      9.989583333333334,
      10.020833333333334,
      10.0,
      10.052083333333334,
      10.09375,
      10.052083333333334,
      9.989583333333334,
      10.0
    ]
  }
}