{
  "config": {
    "run_name": "exp1_4",
    "out_dir": "./results",
    "seed": 1736321217,
    "device": null,
    "bs_train": 128,
    "bs_test": 32,
    "batches": 300,
    "epochs": 100,
    "early_stopping": 3,
    "checkpoints": null,
    "lr": 0.001,
    "reg": 0.001,
    "filters_per_layer": [
      64,
      128,
      256
    ],
    "pool_every": 6,
    "hidden_dims": [
      256,
      512,
      256
    ],
    "model_type": "resnet",
    "kw": {},
    "layers_per_block": 8
  },
  "results": {
    "num_epochs": 0,
    "train_loss": [
      2.117920160293579,
      1.877794861793518,
      1.7599340677261353,
      1.672102451324463,
      1.5566667318344116,
      1.471782922744751,
      1.412007451057434,
      1.3879733085632324,
      1.331368088722229,
      1.319949746131897,
      1.2836661338806152,
      1.2635222673416138,
      1.2415027618408203,
      1.225987195968628,
      1.206010341644287,
      1.1905025243759155,
      1.168524146080017,
      1.1520440578460693,
      1.1366922855377197,
      1.1338165998458862,
      1.11775803565979,
      1.1092793941497803,
      1.1006543636322021,
      1.0981978178024292,
      1.0771561861038208,
      1.074946403503418,
      1.0631595849990845,
      1.0544862747192383,
      1.0484338998794556,
      1.031949520111084,
      1.0288037061691284,
      1.0224032402038574,
      1.0180079936981201,
      0.9962553381919861,
      1.002550482749939,
      0.9925901293754578
    ],
    "train_acc": [
      18.453125,
      27.2734375,
      31.869791666666668,
      35.440104166666664,
      41.317708333333336,
      45.942708333333336,
      48.130208333333336,
      49.575520833333336,
      51.796875,
      52.611979166666664,
      54.109375,
      54.677083333333336,
      55.8359375,
      56.533854166666664,
      57.268229166666664,
      57.9140625,
      58.640625,
      59.546875,
      60.151041666666664,
      60.5625,
      60.848958333333336,
      61.080729166666664,
      61.744791666666664,
      61.979166666666664,
      62.497395833333336,
      62.755208333333336,
      63.098958333333336,
      63.341145833333336,
      63.723958333333336,
      64.19791666666667,
      64.4609375,
      64.94010416666667,
      64.59895833333333,
      65.84375,
      65.6953125,
      65.8125
    ],
    "test_loss": [
      1.9644116163253784,
      1.7824089527130127,
      1.7136324644088745,
      1.60274076461792,
      1.50858736038208,
      1.453603744506836,
      1.3772331476211548,
      1.361663818359375,
      1.3458449840545654,
      1.3378969430923462,
      1.2663439512252808,
      1.274458408355713,
      1.275557041168213,
      1.2383954524993896,
      1.2158393859863281,
      1.1898084878921509,
      1.1859452724456787,
      1.2605276107788086,
      1.1669527292251587,
      1.1922234296798706,
      1.1607142686843872,
      1.164993405342102,
      1.1271971464157104,
      1.2131869792938232,
      1.1368913650512695,
      1.1230571269989014,
      1.1182788610458374,
      1.1666357517242432,
      1.103298306465149,
      1.094964623451233,
      1.1307015419006348,
      1.0672796964645386,
      1.0639328956604004,
      1.1023527383804321,
      1.070389986038208,
      1.0763065814971924
    ],
    "test_acc": [
      23.104166666666668,
      29.989583333333332,
      33.541666666666664,
      38.0625,
      44.09375,
      46.229166666666664,
      48.447916666666664,
      49.53125,
      49.197916666666664,
      50.666666666666664,
      54.083333333333336,
      54.15625,
      53.8125,
      55.65625,
      55.979166666666664,
      57.0,
      57.322916666666664,
      54.041666666666664,
      57.989583333333336,
      57.5625,
      58.270833333333336,
      57.822916666666664,
      59.145833333333336,
      55.489583333333336,
      59.114583333333336,
      60.03125,
      59.5625,
      58.416666666666664,
      60.625,
      61.0,
      59.6875,
      62.177083333333336,
      62.427083333333336,
      60.739583333333336,
      62.020833333333336,
      60.833333333333336
    ]
  }
}