{
  "config": {
    "run_name": "exp1_4",
    "out_dir": "./results",
    "seed": 917649435,
    "device": null,
    "bs_train": 128,
    "bs_test": 32,
    "batches": 300,
    "epochs": 100,
    "early_stopping": 3,
    "checkpoints": null,
    "lr": 0.001,
    "reg": 0.001,
    "filters_per_layer": [
      64,
      128,
      256
    ],
    "pool_every": 3,
    "hidden_dims": [
      256,
      512,
      256
    ],
    "model_type": "resnet",
    "kw": {},
    "layers_per_block": 4
  },
  "results": {
    "num_epochs": 0,
    "train_loss": [
      2.0835020542144775,
      1.868849277496338,
      1.7726670503616333,
      1.6035085916519165,
      1.413388967514038,
      1.2900242805480957,
      1.1823203563690186,
      1.0707463026046753,
      1.0150364637374878,
      0.954684853553772,
      0.8961098194122314,
      0.8452239036560059,
      0.8210761547088623,
      0.7715058326721191,
      0.7479057908058167,
      0.7195146679878235,
      0.688933253288269,
      0.6622310280799866,
      0.623611569404602,
      0.6009230613708496,
      0.5834835767745972,
      0.5546631813049316,
      0.5220035910606384,
      0.5073990225791931,
      0.4798520505428314,
      0.4696052074432373,
      0.4505755603313446,
      0.4296967089176178,
      0.41136687994003296,
      0.3957560956478119,
      0.3894687592983246
    ],
    "train_acc": [
      17.723958333333332,
      23.567708333333332,
      30.328125,
      39.065104166666664,
      47.841145833333336,
      53.880208333333336,
      58.3125,
      62.8828125,
      65.1015625,
      67.40104166666667,
      69.5625,
      71.47135416666667,
      72.5,
      74.1953125,
      75.65885416666667,
      76.68229166666667,
      78.01822916666667,
      79.1484375,
      80.4765625,
      81.49479166666667,
      81.9453125,
      83.36197916666667,
      84.59635416666667,
      85.15364583333333,
      85.96614583333333,
      86.78645833333333,
      87.21875,
      88.08072916666667,
      88.79947916666667,
      89.32291666666667,
      89.55989583333333
    ],
    "test_loss": [
      1.9403270483016968,
      1.8337020874023438,
      1.6699947118759155,
      1.5037823915481567,
      1.3962297439575195,
      1.2400261163711548,
      1.152748703956604,
      1.10244619846344,
      1.0148217678070068,
      0.9720944166183472,
      0.9436705708503723,
      0.9120410084724426,
      0.8968412280082703,
      0.8545984029769897,
      0.8261694312095642,
      0.8349135518074036,
      0.8052632808685303,
      0.7949380874633789,
      0.8095464706420898,
      0.8287777900695801,
      0.8144850134849548,
      0.7699735760688782,
      0.7461446523666382,
      0.744209885597229,
      0.7244691252708435,
      0.7504640817642212,
      0.762671947479248,
      0.7401548624038696,
      0.76446533203125,
      0.7848382592201233,
      0.8545560836791992
    ],
    "test_acc": [
      19.71875,
      25.208333333333332,
      34.572916666666664,
      41.822916666666664,
      48.5,
      54.291666666666664,
      57.979166666666664,
      59.864583333333336,
      64.28125,
      64.5625,
      66.26041666666667,
      67.0625,
      67.94791666666667,
      69.69791666666667,
      70.47916666666667,
      70.70833333333333,
      72.04166666666667,
      72.55208333333333,
      72.44791666666667,
      72.51041666666667,
      73.30208333333333,
      73.89583333333333,
      75.3125,
      75.03125,
      76.14583333333333,
      75.23958333333333,
      75.25,
      76.75,
      75.02083333333333,
      75.35416666666667,
      73.67708333333333
    ]
  }
}