{
  "config": {
    "run_name": "exp1_2",
    "out_dir": "./results",
    "seed": 243673707,
    "device": null,
    "bs_train": 128,
    "bs_test": 32,
    "batches": 300,
    "epochs": 100,
    "early_stopping": 3,
    "checkpoints": null,
    "lr": 0.001,
    "reg": 0.001,
    "filters_per_layer": [
      32
    ],
    "pool_every": 2,
    "hidden_dims": [
      256,
      512,
      256
    ],
    "model_type": "cnn",
    "kw": {},
    "layers_per_block": 4
  },
  "results": {
    "num_epochs": 0,
    "train_loss": [
      1.9311578273773193,
      1.61152982711792,
      1.4056075811386108,
      1.2606128454208374,
      1.1575829982757568,
      1.074350357055664,
      0.9881048798561096,
      0.9108140468597412,
      0.8569208979606628,
      0.7869864702224731,
      0.731950581073761,
      0.6805266737937927,
      0.6297205686569214,
      0.5860722064971924,
      0.5432700514793396,
      0.4985555112361908,
      0.46931326389312744,
      0.43241018056869507
    ],
    "train_acc": [
      27.765625,
      41.111979166666664,
      49.846354166666664,
      55.776041666666664,
      59.893229166666664,
      63.515625,
      66.87239583333333,
      69.84114583333333,
      72.09114583333333,
      74.78125,
      76.95572916666667,
      79.21614583333333,
      80.828125,
      82.703125,
      84.2421875,
      86.07552083333333,
      87.3671875,
      88.75
    ],
    "test_loss": [
      1.6861333847045898,
      1.4899380207061768,
      1.2977228164672852,
      1.2119439840316772,
      1.154080867767334,
      1.0871011018753052,
      1.0447583198547363,
      0.990628182888031,
      0.93531334400177,
      0.9086837768554688,
      0.8889086246490479,
      0.870244562625885,
      0.850590705871582,
      0.8530700206756592,
      0.8422569036483765,
      0.8802120089530945,
      0.8913989663124084,
      0.8955174088478088
    ],
    "test_acc": [
      35.322916666666664,
      44.75,
      53.458333333333336,
      55.729166666666664,
      58.604166666666664,
      61.3125,
      63.3125,
      65.35416666666667,
      67.61458333333333,
      68.10416666666667,
      69.01041666666667,
      70.0,
      71.17708333333333,
      71.55208333333333,
      72.14583333333333,
      71.28125,
      70.98958333333333,
      71.39583333333333
    ]
  }
}