{
  "config": {
    "run_name": "exp1_3",
    "out_dir": "./results",
    "seed": 1417985215,
    "device": null,
    "bs_train": 128,
    "bs_test": 32,
    "batches": 300,
    "epochs": 100,
    "early_stopping": 3,
    "checkpoints": null,
    "lr": 0.001,
    "reg": 0.001,
    "filters_per_layer": [
      64,
      128
    ],
    "pool_every": 2,
    "hidden_dims": [
      256,
      512,
      256
    ],
    "model_type": "cnn",
    "kw": {},
    "layers_per_block": 4
  },
  "results": {
    "num_epochs": 0,
    "train_loss": [
      2.302964448928833,
      2.3027756214141846,
      2.3026936054229736,
      2.3027381896972656,
      2.302686929702759,
      2.3026950359344482,
      2.3026905059814453
    ],
    "train_acc": [
      10.083333333333334,
      9.755208333333334,
      10.03125,
      9.921875,
      9.885416666666666,
      9.643229166666666,
      9.8671875
    ],
    "test_loss": [
      2.302680015563965,
      2.302619218826294,
      2.302670478820801,
      2.3026123046875,
      2.3026082515716553,
      2.302591562271118,
      2.3026018142700195
    ],
    "test_acc": [
      9.958333333333334,
      9.958333333333334,
      10.0,
      10.020833333333334,
      9.927083333333334,
      9.927083333333334,
      9.96875
    ]
  }
}