{
  "config": {
    "run_name": "exp2",
    "out_dir": "./results",
    "seed": 1587714027,
    "device": null,
    "bs_train": 128,
    "bs_test": 32,
    "batches": 300,
    "epochs": 100,
    "early_stopping": 3,
    "checkpoints": null,
    "lr": 0.001,
    "reg": 0.001,
    "filters_per_layer": [
      32,
      64,
      128
    ],
    "pool_every": 2,
    "hidden_dims": [
      256,
      512,
      256
    ],
    "model_type": "yourcnn",
    "kw": {},
    "layers_per_block": 3
  },
  "results": {
    "num_epochs": 0,
    "train_loss": [
      1.5960863828659058,
      1.1821118593215942,
      1.004421353340149,
      0.8965904116630554,
      0.8109527826309204,
      0.7444196939468384,
      0.6895514130592346,
      0.646581768989563,
      0.6179986000061035,
      0.5823431015014648,
      0.5560447573661804,
      0.5331568121910095,
      0.5072200894355774,
      0.492760568857193,
      0.47008728981018066,
      0.45723074674606323,
      0.4437031149864197,
      0.43187034130096436,
      0.4235934019088745,
      0.4091101288795471,
      0.405030220746994,
      0.39181703329086304,
      0.37358781695365906,
      0.3721714913845062
    ],
    "train_acc": [
      41.2421875,
      59.354166666666664,
      65.9765625,
      70.35677083333333,
      73.92447916666667,
      76.34895833333333,
      78.37239583333333,
      79.76041666666667,
      81.1640625,
      81.8359375,
      82.734375,
      83.76302083333333,
      84.36979166666667,
      85.390625,
      85.75260416666667,
      86.20572916666667,
      86.78125,
      87.01041666666667,
      87.4375,
      87.94270833333333,
      87.9609375,
      88.41666666666667,
      89.02083333333333,
      88.84635416666667
    ],
    "test_loss": [
      1.2302852869033813,
      1.0186344385147095,
      0.9256724119186401,
      0.806145429611206,
      0.76361483335495,
      0.7204050421714783,
      0.6787466406822205,
      0.654343843460083,
      0.6756451725959778,
      0.6458362936973572,
      0.6067885756492615,
      0.5816116333007812,
      0.5812000036239624,
      0.659896969795227,
      0.5846788287162781,
      0.5929844379425049,
      0.5700571537017822,
      0.5810797810554504,
      0.5873609781265259,
      0.5462520122528076,
      0.5508692264556885,
      0.5733767747879028,
      0.6028043031692505,
      0.5680370330810547
    ],
    "test_acc": [
      54.927083333333336,
      63.84375,
      66.97916666666667,
      71.86458333333333,
      73.30208333333333,
      75.90625,
      77.07291666666667,
      77.95833333333333,
      77.61458333333333,
      78.52083333333333,
      80.11458333333333,
      80.86458333333333,
      80.91666666666667,
      78.32291666666667,
      80.46875,
      81.08333333333333,
      81.29166666666667,
      81.14583333333333,
      81.28125,
      82.02083333333333,
      82.22916666666667,
      81.70833333333333,
      80.86458333333333,
      81.66666666666667
    ]
  }
}