{
  "config": {
    "run_name": "exp2",
    "out_dir": "./results",
    "seed": 317287201,
    "device": null,
    "bs_train": 128,
    "bs_test": 32,
    "batches": 300,
    "epochs": 100,
    "early_stopping": 3,
    "checkpoints": null,
    "lr": 0.001,
    "reg": 0.001,
    "filters_per_layer": [
      32,
      64,
      128
    ],
    "pool_every": 4,
    "hidden_dims": [
      256,
      512,
      256
    ],
    "model_type": "yourcnn",
    "kw": {},
    "layers_per_block": 6
  },
  "results": {
    "num_epochs": 0,
    "train_loss": [
      1.9085124731063843,
      1.6921815872192383,
      1.5723274946212769,
      1.4565411806106567,
      1.3411637544631958,
      1.2209398746490479,
      1.1515991687774658,
      1.091941237449646,
      1.0289783477783203,
      0.9925523996353149,
      0.956607460975647,
      0.9147483706474304,
      0.886745810508728,
      0.8647183179855347,
      0.8320620059967041,
      0.8063639402389526,
      0.7876800298690796,
      0.7616288661956787,
      0.7458935976028442,
      0.7364678978919983,
      0.7212501764297485,
      0.7048190832138062,
      0.6983635425567627,
      0.6879161596298218,
      0.6846571564674377,
      0.6762439608573914,
      0.6617711186408997,
      0.6483469605445862,
      0.6408731341362,
      0.6437520384788513,
      0.6372592449188232,
      0.6244774460792542,
      0.6257895231246948,
      0.6169135570526123,
      0.6085346341133118,
      0.6069400310516357,
      0.5988230109214783,
      0.6060459613800049
    ],
    "train_acc": [
      25.307291666666668,
      34.4453125,
      41.09375,
      47.234375,
      53.072916666666664,
      57.791666666666664,
      60.848958333333336,
      63.348958333333336,
      65.1640625,
      66.81510416666667,
      68.06510416666667,
      69.97916666666667,
      71.13020833333333,
      72.11458333333333,
      73.48177083333333,
      73.8671875,
      74.91927083333333,
      75.76822916666667,
      76.23697916666667,
      76.9453125,
      77.48177083333333,
      77.6796875,
      77.8828125,
      78.27083333333333,
      78.48958333333333,
      78.578125,
      79.16927083333333,
      79.7734375,
      79.97916666666667,
      79.78385416666667,
      80.1328125,
      80.6953125,
      80.56770833333333,
      80.91666666666667,
      80.84895833333333,
      80.96614583333333,
      81.40104166666667,
      80.98697916666667
    ],
    "test_loss": [
      1.6728671789169312,
      1.6069804430007935,
      1.4558049440383911,
      1.4347809553146362,
      1.2286272048950195,
      1.1251364946365356,
      1.0624289512634277,
      1.0065264701843262,
      0.930072546005249,
      0.8975918889045715,
      0.8611394166946411,
      0.8010849356651306,
      0.814106285572052,
      0.7375164031982422,
      0.7505200505256653,
      0.7400224208831787,
      0.694949209690094,
      0.7256322503089905,
      0.7039982080459595,
      0.6832240223884583,
      0.6712844967842102,
      0.65850830078125,
      0.6749537587165833,
      0.6556590795516968,
      0.6273203492164612,
      0.631946861743927,
      0.6179409027099609,
      0.6407228708267212,
      0.6121987104415894,
      0.6423363089561462,
      0.6189477443695068,
      0.6224005818367004,
      0.630769670009613,
      0.586341917514801,
      0.5791954398155212,
      0.5891285538673401,
      0.5996307730674744,
      0.6279023885726929
    ],
    "test_acc": [
      33.145833333333336,
      36.28125,
      43.15625,
      46.614583333333336,
      56.697916666666664,
      60.052083333333336,
      62.46875,
      64.54166666666667,
      66.88541666666667,
      69.66666666666667,
      70.48958333333333,
      72.44791666666667,
      72.80208333333333,
      75.03125,
      75.07291666666667,
      75.27083333333333,
      76.88541666666667,
      75.86458333333333,
      76.61458333333333,
      77.72916666666667,
      77.70833333333333,
      78.29166666666667,
      77.94791666666667,
      78.75,
      79.40625,
      79.5625,
      79.69791666666667,
      78.92708333333333,
      79.84375,
      79.01041666666667,
      80.0625,
      79.625,
      79.59375,
      80.92708333333333,
      81.22916666666667,
      80.6875,
      80.84375,
      79.375
    ]
  }
}