{
  "config": {
    "run_name": "exp2",
    "out_dir": "./results",
    "seed": 526617571,
    "device": null,
    "bs_train": 128,
    "bs_test": 32,
    "batches": 300,
    "epochs": 100,
    "early_stopping": 3,
    "checkpoints": null,
    "lr": 0.001,
    "reg": 0.001,
    "filters_per_layer": [
      32,
      64,
      128
    ],
    "pool_every": 8,
    "hidden_dims": [
      256,
      512,
      256
    ],
    "model_type": "yourcnn",
    "kw": {},
    "layers_per_block": 9
  },
  "results": {
    "num_epochs": 0,
    "train_loss": [
      2.053439140319824,
      1.8934060335159302,
      1.8134015798568726,
      1.74423348903656,
      1.7002660036087036,
      1.6584278345108032,
      1.6174144744873047,
      1.578633189201355,
      1.5134499073028564,
      1.4615540504455566,
      1.3899075984954834,
      1.3371477127075195,
      1.2779736518859863,
      1.2378554344177246,
      1.1983081102371216,
      1.155657172203064,
      1.1195732355117798,
      1.1069016456604004,
      1.0735642910003662,
      1.0475554466247559,
      1.0304689407348633,
      1.0100747346878052,
      0.9990029335021973,
      0.9740299582481384,
      0.9751894474029541,
      0.9550518989562988,
      0.9306975603103638,
      0.9208651781082153,
      0.9088686108589172,
      0.9047927260398865
    ],
    "train_acc": [
      22.106770833333332,
      27.770833333333332,
      31.122395833333332,
      33.40625,
      35.75,
      37.6953125,
      39.359375,
      41.825520833333336,
      44.9453125,
      48.080729166666664,
      51.026041666666664,
      52.752604166666664,
      55.200520833333336,
      56.533854166666664,
      58.098958333333336,
      59.479166666666664,
      60.815104166666664,
      61.713541666666664,
      63.1328125,
      63.8046875,
      64.65885416666667,
      65.3828125,
      66.16145833333333,
      66.67708333333333,
      67.125,
      67.9609375,
      68.45833333333333,
      68.86197916666667,
      69.55208333333333,
      69.82291666666667
    ],
    "test_loss": [
      1.9089323282241821,
      1.8070695400238037,
      1.70376455783844,
      1.6622023582458496,
      1.6451208591461182,
      1.5511189699172974,
      1.5475033521652222,
      1.5102936029434204,
      1.415448784828186,
      1.3468610048294067,
      1.307993769645691,
      1.2545005083084106,
      1.2013983726501465,
      1.1199309825897217,
      1.0629092454910278,
      1.0533002614974976,
      1.0483816862106323,
      0.9855765104293823,
      0.9474977850914001,
      0.9730027318000793,
      0.9773256778717041,
      0.9083067178726196,
      0.9013458490371704,
      0.9162522554397583,
      0.8662771582603455,
      0.8297989964485168,
      0.8373401165008545,
      0.8989401459693909,
      0.8392608761787415,
      0.8869141936302185
    ],
    "test_acc": [
      23.270833333333332,
      31.0,
      33.375,
      35.666666666666664,
      36.145833333333336,
      39.854166666666664,
      40.739583333333336,
      42.71875,
      47.239583333333336,
      51.135416666666664,
      53.302083333333336,
      55.604166666666664,
      56.833333333333336,
      59.520833333333336,
      61.395833333333336,
      62.09375,
      62.09375,
      64.51041666666667,
      66.09375,
      65.96875,
      64.65625,
      67.59375,
      68.32291666666667,
      67.1875,
      68.78125,
      71.02083333333333,
      71.07291666666667,
      68.86458333333333,
      70.3125,
      69.72916666666667
    ]
  }
}