{
  "config": {
    "run_name": "exp2",
    "out_dir": "./results",
    "seed": 889128356,
    "device": null,
    "bs_train": 128,
    "bs_test": 32,
    "batches": 300,
    "epochs": 100,
    "early_stopping": 3,
    "checkpoints": null,
    "lr": 0.001,
    "reg": 0.001,
    "filters_per_layer": [
      32,
      64,
      128
    ],
    "pool_every": 8,
    "hidden_dims": [
      256,
      512,
      256
    ],
    "model_type": "yourcnn",
    "kw": {},
    "layers_per_block": 12
  },
  "results": {
    "num_epochs": 0,
    "train_loss": [
      2.2353856563568115,
      2.080836534500122,
      1.992743730545044,
      1.957388997077942,
      1.935286283493042,
      1.9216759204864502,
      1.9116785526275635,
      1.900710940361023,
      1.8968300819396973,
      1.8878792524337769,
      1.8867443799972534,
      1.8790684938430786,
      1.8785626888275146,
      1.8654667139053345,
      1.8691059350967407,
      1.8606250286102295,
      1.8457425832748413,
      1.8522589206695557,
      1.8300979137420654,
      1.818817138671875,
      1.821999192237854,
      1.8118046522140503,
      1.7979347705841064,
      1.795662522315979,
      1.7965800762176514,
      1.7757424116134644,
      1.7402584552764893,
      1.7246016263961792,
      1.7008024454116821,
      1.6886764764785767,
      1.6718577146530151,
      1.6641699075698853,
      1.6447079181671143,
      1.628706455230713,
      1.617466688156128,
      1.6038568019866943,
      1.5892053842544556,
      1.5857946872711182,
      1.5639441013336182,
      1.5587793588638306,
      1.5429736375808716,
      1.5375394821166992,
      1.5233633518218994,
      1.5114388465881348,
      1.495375156402588,
      1.487107515335083,
      1.467360019683838,
      1.4602758884429932,
      1.4428385496139526,
      1.4237629175186157,
      1.4191603660583496,
      1.3986159563064575,
      1.3937221765518188,
      1.3792238235473633
    ],
    "train_acc": [
      13.708333333333334,
      17.989583333333332,
      20.6328125,
      20.6171875,
      20.9609375,
      21.489583333333332,
      21.825520833333332,
      22.4609375,
      22.244791666666668,
      23.075520833333332,
      23.9765625,
      23.7578125,
      23.7109375,
      25.044270833333332,
      25.90625,
      26.018229166666668,
      27.018229166666668,
      26.8125,
      27.580729166666668,
      28.361979166666668,
      28.635416666666668,
      28.205729166666668,
      29.486979166666668,
      29.736979166666668,
      29.872395833333332,
      29.947916666666668,
      31.755208333333332,
      33.09375,
      33.830729166666664,
      34.3359375,
      35.6015625,
      36.296875,
      36.6875,
      37.536458333333336,
      37.604166666666664,
      38.359375,
      39.291666666666664,
      39.888020833333336,
      40.333333333333336,
      41.205729166666664,
      41.567708333333336,
      42.395833333333336,
      43.197916666666664,
      43.6640625,
      44.6328125,
      45.197916666666664,
      46.057291666666664,
      46.145833333333336,
      47.1640625,
      48.515625,
      48.4140625,
      49.046875,
      49.958333333333336,
      50.088541666666664
    ],
    "test_loss": [
      2.0782785415649414,
      2.003769874572754,
      1.9255554676055908,
      1.919248104095459,
      1.878770351409912,
      1.8865551948547363,
      1.9003900289535522,
      1.8552879095077515,
      1.836086630821228,
      1.8330949544906616,
      1.8346779346466064,
      1.837460994720459,
      1.8173590898513794,
      1.7984569072723389,
      1.8245460987091064,
      1.8040831089019775,
      1.7927800416946411,
      1.7852226495742798,
      1.780867576599121,
      1.7786155939102173,
      1.7706986665725708,
      1.751296877861023,
      1.7056752443313599,
      1.7153935432434082,
      1.7655595541000366,
      1.6645631790161133,
      1.6538505554199219,
      1.6089279651641846,
      1.5960643291473389,
      1.5905672311782837,
      1.5749123096466064,
      1.5645673274993896,
      1.5604103803634644,
      1.573310375213623,
      1.4914100170135498,
      1.5086438655853271,
      1.4650946855545044,
      1.4799054861068726,
      1.453466773033142,
      1.4466017484664917,
      1.4524438381195068,
      1.4557316303253174,
      1.4575519561767578,
      1.3863519430160522,
      1.4128018617630005,
      1.364445686340332,
      1.3625001907348633,
      1.4215565919876099,
      1.4183571338653564,
      1.3065464496612549,
      1.2736605405807495,
      1.3018019199371338,
      1.3028597831726074,
      1.3101162910461426
    ],
    "test_acc": [
      18.104166666666668,
      21.479166666666668,
      20.3125,
      21.791666666666668,
      22.625,
      22.21875,
      21.895833333333332,
      23.145833333333332,
      23.979166666666668,
      23.354166666666668,
      25.9375,
      26.208333333333332,
      26.333333333333332,
      25.875,
      27.125,
      28.552083333333332,
      27.78125,
      28.75,
      26.739583333333332,
      30.15625,
      31.302083333333332,
      30.3125,
      32.260416666666664,
      32.375,
      31.604166666666668,
      32.5,
      33.71875,
      35.46875,
      37.510416666666664,
      36.84375,
      37.260416666666664,
      38.739583333333336,
      38.677083333333336,
      39.395833333333336,
      41.177083333333336,
      38.875,
      43.5,
      41.96875,
      44.291666666666664,
      44.520833333333336,
      44.15625,
      45.145833333333336,
      44.697916666666664,
      47.958333333333336,
      46.375,
      48.270833333333336,
      48.604166666666664,
      47.479166666666664,
      46.375,
      51.635416666666664,
      53.052083333333336,
      52.239583333333336,
      52.75,
      52.302083333333336
    ]
  }
}